-- Generated by scripts/data/build_demo_seed.py.
-- Optional MySQL demo enrichment. Import after schema-mysql.sql and data-mysql.sql.

INSERT INTO products (
    product_id, product_name, category, department, division, source_dataset, created_at
) VALUES
    ('P-CLOTHING-767', 'Intimates', 'Intimates', 'Intimate', 'Initmates', 'clothing_reviews', '2026-05-01 00:00:00.000000'),
    ('P-CLOTHING-1080', 'Dresses', 'Dresses', 'Dresses', 'General', 'clothing_reviews', '2026-05-01 00:00:00.000000'),
    ('P-CLOTHING-1077', 'Some major design flaws', 'Dresses', 'Dresses', 'General', 'clothing_reviews', '2026-05-01 00:00:00.000000'),
    ('P-CLOTHING-1049', 'My favorite buy!', 'Pants', 'Bottoms', 'General Petite', 'clothing_reviews', '2026-05-01 00:00:00.000000'),
    ('P-CLOTHING-847', 'Flattering shirt', 'Blouses', 'Tops', 'General', 'clothing_reviews', '2026-05-01 00:00:00.000000'),
    ('P-CLOTHING-858', 'Cagrcoal shimmer fun', 'Knits', 'Tops', 'General Petite', 'clothing_reviews', '2026-05-01 00:00:00.000000'),
    ('P-CLOTHING-1095', 'Dresses', 'Dresses', 'Dresses', 'General Petite', 'clothing_reviews', '2026-05-01 00:00:00.000000'),
    ('P-CLOTHING-1065', 'Nice, but not for my body', 'Pants', 'Bottoms', 'General', 'clothing_reviews', '2026-05-01 00:00:00.000000'),
    ('P-CLOTHING-853', 'Looks great with white pants', 'Blouses', 'Tops', 'General', 'clothing_reviews', '2026-05-01 00:00:00.000000'),
    ('P-CLOTHING-1120', 'Super cute and cozy', 'Outerwear', 'Jackets', 'General', 'clothing_reviews', '2026-05-01 00:00:00.000000'),
    ('P-CLOTHING-697', 'Falls flat', 'Lounge', 'Intimate', 'Initmates', 'clothing_reviews', '2026-05-01 00:00:00.000000'),
    ('P-CLOTHING-949', 'Huge disappointment', 'Sweaters', 'Tops', 'General', 'clothing_reviews', '2026-05-01 00:00:00.000000'),
    ('P-CLOTHING-1003', 'Loved, but returned', 'Skirts', 'Bottoms', 'General', 'clothing_reviews', '2026-05-01 00:00:00.000000'),
    ('P-CLOTHING-684', 'Great shirt!!!', 'Lounge', 'Intimate', 'Initmates', 'clothing_reviews', '2026-05-01 00:00:00.000000'),
    ('P-CLOTHING-4', 'Great layering piece', 'Sweaters', 'Tops', 'General', 'clothing_reviews', '2026-05-01 00:00:00.000000'),
    ('P-CLOTHING-1060', 'Pants', 'Pants', 'Bottoms', 'General Petite', 'clothing_reviews', '2026-05-01 00:00:00.000000'),
    ('P-CLOTHING-1002', 'Skirts', 'Skirts', 'Bottoms', 'General', 'clothing_reviews', '2026-05-01 00:00:00.000000'),
    ('P-CLOTHING-862', 'Knits', 'Knits', 'Tops', 'General', 'clothing_reviews', '2026-05-01 00:00:00.000000'),
    ('P-CLOTHING-910', 'Soft & lovely', 'Fine gauge', 'Tops', 'General', 'clothing_reviews', '2026-05-01 00:00:00.000000'),
    ('P-CLOTHING-89', 'Some things you should know...', 'Sleep', 'Intimate', 'Initmates', 'clothing_reviews', '2026-05-01 00:00:00.000000'),
    ('P-CLOTHING-823', 'Blouses', 'Blouses', 'Tops', 'General', 'clothing_reviews', '2026-05-01 00:00:00.000000'),
    ('P-CLOTHING-1104', 'Dresses', 'Dresses', 'Dresses', 'General', 'clothing_reviews', '2026-05-01 00:00:00.000000'),
    ('P-CLOTHING-368', 'Intimates', 'Intimates', 'Intimate', 'Initmates', 'clothing_reviews', '2026-05-01 00:00:00.000000'),
    ('P-CLOTHING-1078', 'Great summer fabric!', 'Dresses', 'Dresses', 'General Petite', 'clothing_reviews', '2026-05-01 00:00:00.000000'),
    ('P-CLOTHING-845', 'Cute, but massive sweep', 'Blouses', 'Tops', 'General Petite', 'clothing_reviews', '2026-05-01 00:00:00.000000'),
    ('P-CLOTHING-822', 'Short and boxy', 'Blouses', 'Tops', 'General', 'clothing_reviews', '2026-05-01 00:00:00.000000'),
    ('P-CLOTHING-850', 'Beautiful design', 'Blouses', 'Tops', 'General', 'clothing_reviews', '2026-05-01 00:00:00.000000'),
    ('P-CLOTHING-866', 'Knits', 'Knits', 'Tops', 'General Petite', 'clothing_reviews', '2026-05-01 00:00:00.000000'),
    ('P-CLOTHING-1081', 'Dresses', 'Dresses', 'Dresses', 'General Petite', 'clothing_reviews', '2026-05-01 00:00:00.000000'),
    ('P-CLOTHING-1082', 'Runs large in top and waist', 'Dresses', 'Dresses', 'General', 'clothing_reviews', '2026-05-01 00:00:00.000000'),
    ('P-CLOTHING-836', 'Obsessed', 'Blouses', 'Tops', 'General', 'clothing_reviews', '2026-05-01 00:00:00.000000'),
    ('P-CLOTHING-1072', 'Elegant classic dress', 'Dresses', 'Dresses', 'General', 'clothing_reviews', '2026-05-01 00:00:00.000000'),
    ('P-CLOTHING-863', 'Knits', 'Knits', 'Tops', 'General Petite', 'clothing_reviews', '2026-05-01 00:00:00.000000'),
    ('P-CLOTHING-1133', 'Cute parka!', 'Outerwear', 'Jackets', 'General', 'clothing_reviews', '2026-05-01 00:00:00.000000'),
    ('P-CLOTHING-861', 'Casual & unique tee', 'Knits', 'Tops', 'General Petite', 'clothing_reviews', '2026-05-01 00:00:00.000000'),
    ('P-CLOTHING-966', 'Jackets', 'Jackets', 'Jackets', 'General', 'clothing_reviews', '2026-05-01 00:00:00.000000'),
    ('P-CLOTHING-1196', 'Dresses', 'Dresses', 'Dresses', 'General Petite', 'clothing_reviews', '2026-05-01 00:00:00.000000'),
    ('P-CLOTHING-923', 'Lovely top, not lovely shape', 'Sweaters', 'Tops', 'General', 'clothing_reviews', '2026-05-01 00:00:00.000000'),
    ('P-CLOTHING-126', 'Feminine alternative to your shapeless puffer', 'Lounge', 'Intimate', 'Initmates', 'clothing_reviews', '2026-05-01 00:00:00.000000'),
    ('P-CLOTHING-1008', 'Love. love. love this skirt!!', 'Skirts', 'Bottoms', 'General', 'clothing_reviews', '2026-05-01 00:00:00.000000'),
    ('P-CLOTHING-829', 'Pretry top', 'Blouses', 'Tops', 'General', 'clothing_reviews', '2026-05-01 00:00:00.000000'),
    ('P-CLOTHING-828', 'Blouses', 'Blouses', 'Tops', 'General', 'clothing_reviews', '2026-05-01 00:00:00.000000'),
    ('P-CLOTHING-1126', 'Outerwear', 'Outerwear', 'Jackets', 'General', 'clothing_reviews', '2026-05-01 00:00:00.000000'),
    ('P-CLOTHING-1011', 'Cute skirt!', 'Skirts', 'Bottoms', 'General', 'clothing_reviews', '2026-05-01 00:00:00.000000'),
    ('P-CLOTHING-523', 'Australian sizing!!', 'Swim', 'Intimate', 'Initmates', 'clothing_reviews', '2026-05-01 00:00:00.000000'),
    ('P-CLOTHING-1020', 'Just as pictured', 'Skirts', 'Bottoms', 'General Petite', 'clothing_reviews', '2026-05-01 00:00:00.000000'),
    ('P-CLOTHING-895', 'Great purchase', 'Fine gauge', 'Tops', 'General', 'clothing_reviews', '2026-05-01 00:00:00.000000'),
    ('P-CLOTHING-670', 'Fun', 'Sleep', 'Intimate', 'Initmates', 'clothing_reviews', '2026-05-01 00:00:00.000000'),
    ('P-CLOTHING-329', 'Comfy and adorable!', 'Sleep', 'Intimate', 'Initmates', 'clothing_reviews', '2026-05-01 00:00:00.000000'),
    ('P-CLOTHING-868', 'Great for summer', 'Knits', 'Tops', 'General Petite', 'clothing_reviews', '2026-05-01 00:00:00.000000')
ON DUPLICATE KEY UPDATE
    product_name = VALUES(product_name),
    category = VALUES(category),
    department = VALUES(department),
    division = VALUES(division),
    source_dataset = VALUES(source_dataset),
    created_at = VALUES(created_at);

INSERT INTO orders (
    order_id, user_id, product_id, product_name, order_status, paid_amount, paid_at, delivered_at, aftersale_deadline
) VALUES
    ('53cdb2fc8bc7dce0b6741e2150273451', 'b0830fb4747a6c6d20dea0b8c802d7ef', 'P-CLOTHING-767', 'Intimates', 'DELIVERED', '99.00', '2018-07-26 03:24:00.000000', '2018-08-07 15:27:00.000000', '2018-08-14 15:27:00.000000'),
    ('47770eb9100c2d0c44946d9cf07ec65d', '41ce2a54c0b03bf3443c3d931a367089', 'P-CLOTHING-1080', 'Dresses', 'DELIVERED', '99.00', '2018-08-08 08:55:00.000000', '2018-08-17 18:06:00.000000', '2018-08-24 18:06:00.000000'),
    ('ad21c59c0840e6cb83a9ceb5573f8159', '8ab97904e6daea8866dbdbc4fb7aad2c', 'P-CLOTHING-1077', 'Some major design flaws', 'DELIVERED', '99.00', '2018-02-13 22:20:00.000000', '2018-02-16 18:17:00.000000', '2018-02-23 18:17:00.000000'),
    ('82566a660a982b15fb86e904c8d32918', 'd3e3b74c766bc6214e0c830b17ee2341', 'P-CLOTHING-1049', 'My favorite buy!', 'DELIVERED', '99.00', '2018-06-09 03:13:00.000000', '2018-06-19 12:05:00.000000', '2018-06-26 12:05:00.000000'),
    ('5ff96c15d0b717ac6ad1f3d77225a350', '19402a48fe860416adf93348aba37740', 'P-CLOTHING-847', 'Flattering shirt', 'DELIVERED', '99.00', '2018-07-25 17:55:00.000000', '2018-07-30 15:52:00.000000', '2018-08-06 15:52:00.000000'),
    ('432aaf21d85167c2c86ec9448c4e42cc', '3df704f53d3f1d4818840b34ec672a9f', 'P-CLOTHING-858', 'Cagrcoal shimmer fun', 'DELIVERED', '99.00', '2018-03-01 15:10:00.000000', '2018-03-12 23:36:00.000000', '2018-03-19 23:36:00.000000'),
    ('403b97836b0c04a622354cf531062e5f', '738b086814c6fcc74b8cc583f8516ee3', 'P-CLOTHING-1095', 'Dresses', 'DELIVERED', '99.00', '2018-01-02 19:09:00.000000', '2018-01-20 01:38:00.000000', '2018-01-27 01:38:00.000000'),
    ('f848643eec1d69395095eb3840d2051e', '4fa1cd166fa598be6de80fa84eaade43', 'P-CLOTHING-1065', 'Nice, but not for my body', 'DELIVERED', '99.00', '2018-03-15 09:09:00.000000', '2018-03-19 18:08:00.000000', '2018-03-26 18:08:00.000000'),
    ('2807d0e504d6d4894d41672727bc139f', '72ae281627a6102d9b3718528b420f8a', 'P-CLOTHING-853', 'Looks great with white pants', 'DELIVERED', '99.00', '2018-02-03 20:50:00.000000', '2018-02-08 16:13:00.000000', '2018-02-15 16:13:00.000000'),
    ('95266dbfb7e20354baba07964dac78d5', 'a166da34890074091a942054b36e4265', 'P-CLOTHING-1120', 'Super cute and cozy', 'DELIVERED', '99.00', '2018-01-08 08:07:00.000000', '2018-01-26 17:32:00.000000', '2018-02-02 17:32:00.000000'),
    ('f3e7c359154d965827355f39d6b1fdac', '62b423aab58096ca514ba6aa06be2f98', 'P-CLOTHING-697', 'Falls flat', 'DELIVERED', '99.00', '2018-08-10 03:24:00.000000', '2018-08-13 18:24:00.000000', '2018-08-20 18:24:00.000000'),
    ('fbf9ac61453ac646ce8ad9783d7d0af6', '3a874b4d4c4b6543206ff5d89287f0c3', 'P-CLOTHING-949', 'Huge disappointment', 'DELIVERED', '99.00', '2018-02-22 02:30:00.000000', '2018-03-21 22:03:00.000000', '2018-03-28 22:03:00.000000'),
    ('acce194856392f074dbf9dada14d8d82', '7e20bf5ca92da68200643bda76c504c6', 'P-CLOTHING-1003', 'Loved, but returned', 'DELIVERED', '99.00', '2018-06-05 00:35:00.000000', '2018-06-16 15:20:00.000000', '2018-06-23 15:20:00.000000'),
    ('dd78f560c270f1909639c11b925620ea', '8b212b9525f9e74e85e37ed6df37693e', 'P-CLOTHING-684', 'Great shirt!!!', 'DELIVERED', '99.00', '2018-03-12 03:28:00.000000', '2018-03-21 14:41:00.000000', '2018-03-28 14:41:00.000000'),
    ('91b2a010e1e45e6ba3d133fa997597be', 'cce89a605105b148387c52e286ac8335', 'P-CLOTHING-4', 'Great layering piece', 'DELIVERED', '99.00', '2018-05-03 12:55:00.000000', '2018-05-16 20:56:00.000000', '2018-05-23 20:56:00.000000'),
    ('ecab90c9933c58908d3d6add7c6f5ae3', '761df82feda9778854c6dafdaeb567e4', 'P-CLOTHING-1060', 'Pants', 'DELIVERED', '99.00', '2018-02-25 14:47:00.000000', '2018-03-27 23:29:00.000000', '2018-04-03 23:29:00.000000'),
    ('1790eea0b567cf50911c057cf20f90f9', '52142aa69d8d0e1247ab0cada0f76023', 'P-CLOTHING-1002', 'Skirts', 'DELIVERED', '99.00', '2018-04-16 22:10:00.000000', '2018-05-05 12:28:00.000000', '2018-05-12 12:28:00.000000'),
    ('d887b52c6516beb39e8cd44a5f8b60f7', 'd9ef95f98d8da3b492bb8c0447910498', 'P-CLOTHING-862', 'Knits', 'DELIVERED', '99.00', '2018-02-03 12:50:00.000000', '2018-02-22 00:07:00.000000', '2018-03-01 00:07:00.000000'),
    ('b276e4f8c0fb86bd82fce576f21713e0', 'cf8ffeddf027932e51e4eae73b384059', 'P-CLOTHING-910', 'Soft & lovely', 'DELIVERED', '99.00', '2018-07-29 23:45:00.000000', '2018-07-31 22:48:00.000000', '2018-08-07 22:48:00.000000'),
    ('8563039e855156e48fccee4d611a3196', '5f16605299d698660e0606f7eae2d2f9', 'P-CLOTHING-89', 'Some things you should know...', 'DELIVERED', '99.00', '2018-02-17 16:15:00.000000', '2018-03-20 00:59:00.000000', '2018-03-27 00:59:00.000000'),
    ('60550084e6b4c0cb89a87df1f3e5ebd9', 'f5458ddc3545711efa883dd7ae7c4497', 'P-CLOTHING-823', 'Blouses', 'DELIVERED', '99.00', '2018-02-23 02:10:00.000000', '2018-03-13 23:58:00.000000', '2018-03-20 23:58:00.000000'),
    ('434d158e96bdd6972ad6e6d73ddcfd22', '2a1dfb647f32f4390e7b857c67458536', 'P-CLOTHING-1104', 'Dresses', 'DELIVERED', '99.00', '2018-06-05 03:35:00.000000', '2018-06-18 21:32:00.000000', '2018-06-25 21:32:00.000000'),
    ('7206b86ea789983f7a273ea7fa0bc2a8', '3391c4bc11a817e7973e498b0b023158', 'P-CLOTHING-368', 'Intimates', 'DELIVERED', '99.00', '2018-03-26 17:28:00.000000', '2018-04-05 22:11:00.000000', '2018-04-12 22:11:00.000000'),
    ('d22e9fa5731b9e30e8b27afcdc2f8563', '756fb9391752dad934e0fe3733378e57', 'P-CLOTHING-1078', 'Great summer fabric!', 'DELIVERED', '99.00', '2018-08-04 23:35:00.000000', '2018-08-13 23:34:00.000000', '2018-08-20 23:34:00.000000'),
    ('ee64d42b8cf066f35eac1cf57de1aa85', 'caded193e8e47b8362864762a83db3c5', 'P-CLOTHING-845', 'Cute, but massive sweep', 'SHIPPED', '99.00', '2018-06-05 04:31:00.000000', NULL, '2018-06-28 00:00:00.000000'),
    ('25f4376934e13d3508486352e11a5db0', '12fd2740039676063a874b9567dfa651', 'P-CLOTHING-822', 'Short and boxy', 'DELIVERED', '99.00', '2018-05-18 01:17:00.000000', '2018-05-21 15:22:00.000000', '2018-05-28 15:22:00.000000'),
    ('5820a1100976432c7968a52da59e9364', '2b56e94c2f66f2d97cfa63356f69cee8', 'P-CLOTHING-850', 'Beautiful design', 'DELIVERED', '99.00', '2018-07-29 11:44:00.000000', '2018-08-02 22:09:00.000000', '2018-08-09 22:09:00.000000'),
    ('138849fd84dff2fb4ca70a0a34c4aa1c', '9b18f3fc296990b97854e351334a32f6', 'P-CLOTHING-866', 'Knits', 'DELIVERED', '99.00', '2018-02-03 02:53:00.000000', '2018-02-14 13:41:00.000000', '2018-02-21 13:41:00.000000'),
    ('47aa4816b27ba60ec948cd019cc1afc1', '148348ff65384b4249b762579532e248', 'P-CLOTHING-1081', 'Dresses', 'DELIVERED', '99.00', '2018-06-27 08:35:00.000000', '2018-07-03 18:37:00.000000', '2018-07-10 18:37:00.000000'),
    ('9faeb9b2746b9d7526aef5acb08e2aa0', '79183cd650e2bb0d475b0067d45946ac', 'P-CLOTHING-1082', 'Runs large in top and waist', 'DELIVERED', '99.00', '2018-07-26 14:55:00.000000', '2018-07-31 22:26:00.000000', '2018-08-07 22:26:00.000000'),
    ('40c5e18f7d112b59b3e5113a59a905b3', '67407057a7d5ee17d1cd09523f484d13', 'P-CLOTHING-836', 'Obsessed', 'DELIVERED', '99.00', '2018-06-11 10:58:00.000000', '2018-06-19 00:31:00.000000', '2018-06-26 00:31:00.000000'),
    ('734e7d1bbaeb2ff82521ca0fe6fb6f79', '2932d241d1f31e6df6c701d52370ae02', 'P-CLOTHING-1072', 'Elegant classic dress', 'DELIVERED', '99.00', '2018-06-11 08:31:00.000000', '2018-06-14 21:32:00.000000', '2018-06-21 21:32:00.000000'),
    ('66e4624ae69e7dc89bd50222b59f581f', '684fa6da5134b9e4dab731e00011712d', 'P-CLOTHING-863', 'Knits', 'DELIVERED', '99.00', '2018-03-09 15:40:00.000000', '2018-04-03 13:28:00.000000', '2018-04-10 13:28:00.000000'),
    ('f346ad4ee8f630e5e4ddaf862a34e6dd', 'dd5095632e3953fc0947b8ab5176b0be', 'P-CLOTHING-1133', 'Cute parka!', 'DELIVERED', '99.00', '2018-08-05 13:24:00.000000', '2018-08-10 18:35:00.000000', '2018-08-17 18:35:00.000000'),
    ('ccbabeb0b02433bd0fcbac46e70339f2', 'c77ee2d8ba1614a4d489a44166894938', 'P-CLOTHING-861', 'Casual & unique tee', 'DELIVERED', '99.00', '2018-02-21 06:15:00.000000', '2018-03-09 22:22:00.000000', '2018-03-16 22:22:00.000000'),
    ('f271576bed568e896f99eb710cd3a6f8', '5dda11942d4f77bee3a46d71e442aec4', 'P-CLOTHING-966', 'Jackets', 'DELIVERED', '99.00', '2018-01-07 21:51:00.000000', '2018-01-17 20:26:00.000000', '2018-01-24 20:26:00.000000'),
    ('686541986ecfb7d9296eb67719973bf0', '74805bc388861fa350ed2fade8444e0b', 'P-CLOTHING-1196', 'Dresses', 'DELIVERED', '99.00', '2018-02-10 13:35:00.000000', '2018-02-20 22:13:00.000000', '2018-02-27 22:13:00.000000'),
    ('68e48e68da1f50f7c5838ea75e3a20dd', '4afc1dcca5fe8926fc97d60a4497f8ab', 'P-CLOTHING-923', 'Lovely top, not lovely shape', 'DELIVERED', '99.00', '2018-06-18 17:00:00.000000', '2018-06-22 21:18:00.000000', '2018-06-29 21:18:00.000000'),
    ('b52cc4919de82b4d696a4380d10804a3', 'be8c14c16a4d47194ccdfe10f1fc5b1a', 'P-CLOTHING-126', 'Feminine alternative to your shapeless puffer', 'DELIVERED', '99.00', '2018-06-15 02:37:00.000000', '2018-06-18 22:32:00.000000', '2018-06-25 22:32:00.000000'),
    ('fdf128b3630c21adc9ca4fb8a51b68ec', 'a9d37ddc8ba4d9f6dbac7d8ec378cc95', 'P-CLOTHING-1008', 'Love. love. love this skirt!!', 'DELIVERED', '99.00', '2018-07-16 14:31:00.000000', '2018-07-24 16:41:00.000000', '2018-07-31 16:41:00.000000'),
    ('fa516182d28f96f5f5c651026b0749ee', '55e6b290205c84ddd23ddf5eb134efd4', 'P-CLOTHING-829', 'Pretry top', 'DELIVERED', '99.00', '2018-04-13 13:30:00.000000', '2018-04-19 20:41:00.000000', '2018-04-26 20:41:00.000000'),
    ('6abaad69b8b349c3a529b4b91ce18e46', 'f5618502bee8eafdee72fb6955e2ebdf', 'P-CLOTHING-828', 'Blouses', 'DELIVERED', '99.00', '2018-02-15 10:47:00.000000', '2018-02-24 19:15:00.000000', '2018-03-03 19:15:00.000000'),
    ('bd4bd0194d6d29f83b8557d4b89b572a', '636e15840ab051faa13d3f781b6e4233', 'P-CLOTHING-1126', 'Outerwear', 'DELIVERED', '99.00', '2018-07-31 03:50:00.000000', '2018-08-06 18:44:00.000000', '2018-08-13 18:44:00.000000'),
    ('6d25592267349b322799e2beb687871e', '5bb39c890c91b1d26801aa19a9336eac', 'P-CLOTHING-1011', 'Cute skirt!', 'DELIVERED', '99.00', '2018-08-28 04:10:00.000000', '2018-08-29 12:40:00.000000', '2018-09-05 12:40:00.000000'),
    ('cadbb3657dac2dbbd5b84b12e7b78aad', '93ada7a24817edda9f4ab998fa823d16', 'P-CLOTHING-523', 'Australian sizing!!', 'DELIVERED', '99.00', '2018-03-01 02:48:00.000000', '2018-03-16 14:59:00.000000', '2018-03-23 14:59:00.000000'),
    ('9defaf92cff22420e4e8ef7784815a55', '64fb950e760ec8b0db79154a1fa9c1bf', 'P-CLOTHING-1020', 'Just as pictured', 'DELIVERED', '99.00', '2018-05-11 13:36:00.000000', '2018-05-21 16:09:00.000000', '2018-05-28 16:09:00.000000'),
    ('20e0101b20700188cadb288126949685', '48558a50a7ba1aab61891936d2ca7681', 'P-CLOTHING-895', 'Great purchase', 'DELIVERED', '99.00', '2018-01-22 19:36:00.000000', '2018-02-15 20:08:00.000000', '2018-02-22 20:08:00.000000'),
    ('0e782c3705510e717d28907746cbda82', '3a897024068ed42a183de61d5727d866', 'P-CLOTHING-670', 'Fun', 'DELIVERED', '99.00', '2018-05-01 08:52:00.000000', '2018-05-04 14:02:00.000000', '2018-05-11 14:02:00.000000'),
    ('86f21bf63784876b9fd6d35f46581d72', '332df68ccac2f2f7d9e11299188f8bce', 'P-CLOTHING-329', 'Comfy and adorable!', 'DELIVERED', '99.00', '2018-04-11 22:49:00.000000', '2018-04-27 23:14:00.000000', '2018-05-04 23:14:00.000000'),
    ('f169bd689fb8b32ccd62df9050aebc0b', '82f0b75bb50fcb30711e5277e36b3983', 'P-CLOTHING-868', 'Great for summer', 'DELIVERED', '99.00', '2018-04-24 19:24:00.000000', '2018-04-30 17:57:00.000000', '2018-05-07 17:57:00.000000')
ON DUPLICATE KEY UPDATE
    user_id = VALUES(user_id),
    product_id = VALUES(product_id),
    product_name = VALUES(product_name),
    order_status = VALUES(order_status),
    paid_amount = VALUES(paid_amount),
    paid_at = VALUES(paid_at),
    delivered_at = VALUES(delivered_at),
    aftersale_deadline = VALUES(aftersale_deadline);

INSERT INTO order_items (
    order_item_id, order_id, product_id, product_name, quantity, unit_price, category, created_at
) VALUES
    ('OI-53cdb2fc8bc7dce0b6741e2150273451-1', '53cdb2fc8bc7dce0b6741e2150273451', 'P-CLOTHING-767', 'Intimates', '1', '99.00', 'Intimates', '2018-07-26 03:24:00.000000'),
    ('OI-47770eb9100c2d0c44946d9cf07ec65d-1', '47770eb9100c2d0c44946d9cf07ec65d', 'P-CLOTHING-1080', 'Dresses', '1', '99.00', 'Dresses', '2018-08-08 08:55:00.000000'),
    ('OI-ad21c59c0840e6cb83a9ceb5573f8159-1', 'ad21c59c0840e6cb83a9ceb5573f8159', 'P-CLOTHING-1077', 'Some major design flaws', '1', '99.00', 'Dresses', '2018-02-13 22:20:00.000000'),
    ('OI-82566a660a982b15fb86e904c8d32918-1', '82566a660a982b15fb86e904c8d32918', 'P-CLOTHING-1049', 'My favorite buy!', '1', '99.00', 'Pants', '2018-06-09 03:13:00.000000'),
    ('OI-5ff96c15d0b717ac6ad1f3d77225a350-1', '5ff96c15d0b717ac6ad1f3d77225a350', 'P-CLOTHING-847', 'Flattering shirt', '1', '99.00', 'Blouses', '2018-07-25 17:55:00.000000'),
    ('OI-432aaf21d85167c2c86ec9448c4e42cc-1', '432aaf21d85167c2c86ec9448c4e42cc', 'P-CLOTHING-858', 'Cagrcoal shimmer fun', '1', '99.00', 'Knits', '2018-03-01 15:10:00.000000'),
    ('OI-403b97836b0c04a622354cf531062e5f-1', '403b97836b0c04a622354cf531062e5f', 'P-CLOTHING-1095', 'Dresses', '1', '99.00', 'Dresses', '2018-01-02 19:09:00.000000'),
    ('OI-f848643eec1d69395095eb3840d2051e-1', 'f848643eec1d69395095eb3840d2051e', 'P-CLOTHING-1065', 'Nice, but not for my body', '1', '99.00', 'Pants', '2018-03-15 09:09:00.000000'),
    ('OI-2807d0e504d6d4894d41672727bc139f-1', '2807d0e504d6d4894d41672727bc139f', 'P-CLOTHING-853', 'Looks great with white pants', '1', '99.00', 'Blouses', '2018-02-03 20:50:00.000000'),
    ('OI-95266dbfb7e20354baba07964dac78d5-1', '95266dbfb7e20354baba07964dac78d5', 'P-CLOTHING-1120', 'Super cute and cozy', '1', '99.00', 'Outerwear', '2018-01-08 08:07:00.000000'),
    ('OI-f3e7c359154d965827355f39d6b1fdac-1', 'f3e7c359154d965827355f39d6b1fdac', 'P-CLOTHING-697', 'Falls flat', '1', '99.00', 'Lounge', '2018-08-10 03:24:00.000000'),
    ('OI-fbf9ac61453ac646ce8ad9783d7d0af6-1', 'fbf9ac61453ac646ce8ad9783d7d0af6', 'P-CLOTHING-949', 'Huge disappointment', '1', '99.00', 'Sweaters', '2018-02-22 02:30:00.000000'),
    ('OI-acce194856392f074dbf9dada14d8d82-1', 'acce194856392f074dbf9dada14d8d82', 'P-CLOTHING-1003', 'Loved, but returned', '1', '99.00', 'Skirts', '2018-06-05 00:35:00.000000'),
    ('OI-dd78f560c270f1909639c11b925620ea-1', 'dd78f560c270f1909639c11b925620ea', 'P-CLOTHING-684', 'Great shirt!!!', '1', '99.00', 'Lounge', '2018-03-12 03:28:00.000000'),
    ('OI-91b2a010e1e45e6ba3d133fa997597be-1', '91b2a010e1e45e6ba3d133fa997597be', 'P-CLOTHING-4', 'Great layering piece', '1', '99.00', 'Sweaters', '2018-05-03 12:55:00.000000'),
    ('OI-ecab90c9933c58908d3d6add7c6f5ae3-1', 'ecab90c9933c58908d3d6add7c6f5ae3', 'P-CLOTHING-1060', 'Pants', '1', '99.00', 'Pants', '2018-02-25 14:47:00.000000'),
    ('OI-1790eea0b567cf50911c057cf20f90f9-1', '1790eea0b567cf50911c057cf20f90f9', 'P-CLOTHING-1002', 'Skirts', '1', '99.00', 'Skirts', '2018-04-16 22:10:00.000000'),
    ('OI-d887b52c6516beb39e8cd44a5f8b60f7-1', 'd887b52c6516beb39e8cd44a5f8b60f7', 'P-CLOTHING-862', 'Knits', '1', '99.00', 'Knits', '2018-02-03 12:50:00.000000'),
    ('OI-b276e4f8c0fb86bd82fce576f21713e0-1', 'b276e4f8c0fb86bd82fce576f21713e0', 'P-CLOTHING-910', 'Soft & lovely', '1', '99.00', 'Fine gauge', '2018-07-29 23:45:00.000000'),
    ('OI-8563039e855156e48fccee4d611a3196-1', '8563039e855156e48fccee4d611a3196', 'P-CLOTHING-89', 'Some things you should know...', '1', '99.00', 'Sleep', '2018-02-17 16:15:00.000000'),
    ('OI-60550084e6b4c0cb89a87df1f3e5ebd9-1', '60550084e6b4c0cb89a87df1f3e5ebd9', 'P-CLOTHING-823', 'Blouses', '1', '99.00', 'Blouses', '2018-02-23 02:10:00.000000'),
    ('OI-434d158e96bdd6972ad6e6d73ddcfd22-1', '434d158e96bdd6972ad6e6d73ddcfd22', 'P-CLOTHING-1104', 'Dresses', '1', '99.00', 'Dresses', '2018-06-05 03:35:00.000000'),
    ('OI-7206b86ea789983f7a273ea7fa0bc2a8-1', '7206b86ea789983f7a273ea7fa0bc2a8', 'P-CLOTHING-368', 'Intimates', '1', '99.00', 'Intimates', '2018-03-26 17:28:00.000000'),
    ('OI-d22e9fa5731b9e30e8b27afcdc2f8563-1', 'd22e9fa5731b9e30e8b27afcdc2f8563', 'P-CLOTHING-1078', 'Great summer fabric!', '1', '99.00', 'Dresses', '2018-08-04 23:35:00.000000'),
    ('OI-ee64d42b8cf066f35eac1cf57de1aa85-1', 'ee64d42b8cf066f35eac1cf57de1aa85', 'P-CLOTHING-845', 'Cute, but massive sweep', '1', '99.00', 'Blouses', '2018-06-05 04:31:00.000000'),
    ('OI-25f4376934e13d3508486352e11a5db0-1', '25f4376934e13d3508486352e11a5db0', 'P-CLOTHING-822', 'Short and boxy', '1', '99.00', 'Blouses', '2018-05-18 01:17:00.000000'),
    ('OI-5820a1100976432c7968a52da59e9364-1', '5820a1100976432c7968a52da59e9364', 'P-CLOTHING-850', 'Beautiful design', '1', '99.00', 'Blouses', '2018-07-29 11:44:00.000000'),
    ('OI-138849fd84dff2fb4ca70a0a34c4aa1c-1', '138849fd84dff2fb4ca70a0a34c4aa1c', 'P-CLOTHING-866', 'Knits', '1', '99.00', 'Knits', '2018-02-03 02:53:00.000000'),
    ('OI-47aa4816b27ba60ec948cd019cc1afc1-1', '47aa4816b27ba60ec948cd019cc1afc1', 'P-CLOTHING-1081', 'Dresses', '1', '99.00', 'Dresses', '2018-06-27 08:35:00.000000'),
    ('OI-9faeb9b2746b9d7526aef5acb08e2aa0-1', '9faeb9b2746b9d7526aef5acb08e2aa0', 'P-CLOTHING-1082', 'Runs large in top and waist', '1', '99.00', 'Dresses', '2018-07-26 14:55:00.000000'),
    ('OI-40c5e18f7d112b59b3e5113a59a905b3-1', '40c5e18f7d112b59b3e5113a59a905b3', 'P-CLOTHING-836', 'Obsessed', '1', '99.00', 'Blouses', '2018-06-11 10:58:00.000000'),
    ('OI-734e7d1bbaeb2ff82521ca0fe6fb6f79-1', '734e7d1bbaeb2ff82521ca0fe6fb6f79', 'P-CLOTHING-1072', 'Elegant classic dress', '1', '99.00', 'Dresses', '2018-06-11 08:31:00.000000'),
    ('OI-66e4624ae69e7dc89bd50222b59f581f-1', '66e4624ae69e7dc89bd50222b59f581f', 'P-CLOTHING-863', 'Knits', '1', '99.00', 'Knits', '2018-03-09 15:40:00.000000'),
    ('OI-f346ad4ee8f630e5e4ddaf862a34e6dd-1', 'f346ad4ee8f630e5e4ddaf862a34e6dd', 'P-CLOTHING-1133', 'Cute parka!', '1', '99.00', 'Outerwear', '2018-08-05 13:24:00.000000'),
    ('OI-ccbabeb0b02433bd0fcbac46e70339f2-1', 'ccbabeb0b02433bd0fcbac46e70339f2', 'P-CLOTHING-861', 'Casual & unique tee', '1', '99.00', 'Knits', '2018-02-21 06:15:00.000000'),
    ('OI-f271576bed568e896f99eb710cd3a6f8-1', 'f271576bed568e896f99eb710cd3a6f8', 'P-CLOTHING-966', 'Jackets', '1', '99.00', 'Jackets', '2018-01-07 21:51:00.000000'),
    ('OI-686541986ecfb7d9296eb67719973bf0-1', '686541986ecfb7d9296eb67719973bf0', 'P-CLOTHING-1196', 'Dresses', '1', '99.00', 'Dresses', '2018-02-10 13:35:00.000000'),
    ('OI-68e48e68da1f50f7c5838ea75e3a20dd-1', '68e48e68da1f50f7c5838ea75e3a20dd', 'P-CLOTHING-923', 'Lovely top, not lovely shape', '1', '99.00', 'Sweaters', '2018-06-18 17:00:00.000000'),
    ('OI-b52cc4919de82b4d696a4380d10804a3-1', 'b52cc4919de82b4d696a4380d10804a3', 'P-CLOTHING-126', 'Feminine alternative to your shapeless puffer', '1', '99.00', 'Lounge', '2018-06-15 02:37:00.000000'),
    ('OI-fdf128b3630c21adc9ca4fb8a51b68ec-1', 'fdf128b3630c21adc9ca4fb8a51b68ec', 'P-CLOTHING-1008', 'Love. love. love this skirt!!', '1', '99.00', 'Skirts', '2018-07-16 14:31:00.000000'),
    ('OI-fa516182d28f96f5f5c651026b0749ee-1', 'fa516182d28f96f5f5c651026b0749ee', 'P-CLOTHING-829', 'Pretry top', '1', '99.00', 'Blouses', '2018-04-13 13:30:00.000000'),
    ('OI-6abaad69b8b349c3a529b4b91ce18e46-1', '6abaad69b8b349c3a529b4b91ce18e46', 'P-CLOTHING-828', 'Blouses', '1', '99.00', 'Blouses', '2018-02-15 10:47:00.000000'),
    ('OI-bd4bd0194d6d29f83b8557d4b89b572a-1', 'bd4bd0194d6d29f83b8557d4b89b572a', 'P-CLOTHING-1126', 'Outerwear', '1', '99.00', 'Outerwear', '2018-07-31 03:50:00.000000'),
    ('OI-6d25592267349b322799e2beb687871e-1', '6d25592267349b322799e2beb687871e', 'P-CLOTHING-1011', 'Cute skirt!', '1', '99.00', 'Skirts', '2018-08-28 04:10:00.000000'),
    ('OI-cadbb3657dac2dbbd5b84b12e7b78aad-1', 'cadbb3657dac2dbbd5b84b12e7b78aad', 'P-CLOTHING-523', 'Australian sizing!!', '1', '99.00', 'Swim', '2018-03-01 02:48:00.000000'),
    ('OI-9defaf92cff22420e4e8ef7784815a55-1', '9defaf92cff22420e4e8ef7784815a55', 'P-CLOTHING-1020', 'Just as pictured', '1', '99.00', 'Skirts', '2018-05-11 13:36:00.000000'),
    ('OI-20e0101b20700188cadb288126949685-1', '20e0101b20700188cadb288126949685', 'P-CLOTHING-895', 'Great purchase', '1', '99.00', 'Fine gauge', '2018-01-22 19:36:00.000000'),
    ('OI-0e782c3705510e717d28907746cbda82-1', '0e782c3705510e717d28907746cbda82', 'P-CLOTHING-670', 'Fun', '1', '99.00', 'Sleep', '2018-05-01 08:52:00.000000'),
    ('OI-86f21bf63784876b9fd6d35f46581d72-1', '86f21bf63784876b9fd6d35f46581d72', 'P-CLOTHING-329', 'Comfy and adorable!', '1', '99.00', 'Sleep', '2018-04-11 22:49:00.000000'),
    ('OI-f169bd689fb8b32ccd62df9050aebc0b-1', 'f169bd689fb8b32ccd62df9050aebc0b', 'P-CLOTHING-868', 'Great for summer', '1', '99.00', 'Knits', '2018-04-24 19:24:00.000000')
ON DUPLICATE KEY UPDATE
    order_id = VALUES(order_id),
    product_id = VALUES(product_id),
    product_name = VALUES(product_name),
    quantity = VALUES(quantity),
    unit_price = VALUES(unit_price),
    category = VALUES(category),
    created_at = VALUES(created_at);

